date, Madrid,Delhi,Beijing,Hong Kong,Los-Angeles,New-York,Paris,Seoul,California,Wuhan
2020/4/2,19,98,35,52,49,20,65,103,38,38
2020/4/3,28,77,60,55,47,14,61,84,52,52
2020/4/4,29,80,65,71,50,13,53,113,54,54
2020/4/5,28,107,84,47,13,14,60,92,41,41
2020/4/6,31,132,86,56,15,41,50,71,50,50
2020/4/7,23,129,152,56,11,25,51,81,50,50
2020/4/8,29,81,126,42,12,27,64,94,41,41
2020/4/9,35,80,76,59,33,41,68,68,47,47
2020/4/10,42,94,103,63,29,24,77,82,45,45
2020/4/11,34,116,117,65,21,20,75,87,47,47
2020/4/12,38,121,79,82,34,26,64,79,33,33
2020/4/13,41,92,69,50,35,39,63,72,24,24
2020/4/14,42,128,88,57,44,29,67,45,53,53
2020/4/15,30,155,153,71,30,15,42,93,56,56
2020/4/16,20,145,151,87,21,26,48,120,51,51
2020/4/17,25,149,83,75,19,25,53,86,54,54
2020/4/18,21,73,80,63,30,24,59,75,30,30
2020/4/19,27,74,100,70,37,22,22,53,27,27
2020/4/20,17,83,122,64,43,38,67,63,23,23
2020/4/21,21,115,39,49,59,21,78,35,24,24
2020/4/22,17,108,40,48,49,21,49,39,23,23
2020/4/23,18,122,36,42,56,13,56,43,38,38
2020/4/24,27,128,35,41,62,22,70,55,34,34
2020/4/25,22,149,65,47,38,20,67,112,44,44
2020/4/26,28,87,55,76,31,39,57,96,35,35
2020/4/27,32,158,94,148,38,30,60,93,41,41
2020/3/2,17,117,156,170,59,39,41,100,53,53
2020/3/3,21,170,72,74,64,37,43,89,54,54
2020/3/4,22,132,80,68,63,20,53,93,55,55
2020/3/5,13,152,99,64,25,25,45,131,41,41
2020/3/6,16,82,47,54,19,30,39,143,36,36
2020/3/7,12,66,110,41,29,24,54,134,38,38
2020/3/8,23,108,168,70,25,27,62,99,33,33
2020/3/9,28,137,135,89,27,47,47,49,38,38
2020/3/10,19,105,171,76,38,43,42,58,41,41
2020/3/11,40,143,129,70,31,26,28,52,27,27
2020/3/12,47,140,52,53,30,39,28,73,47,47
2020/3/13,48,127,92,64,22,28,39,70,59,59
2020/3/14,57,169,74,96,32,28,41,51,54,54
2020/3/15,47,100,42,132,24,22,49,79,46,46
2020/3/16,48,127,36,62,28,22,54,114,50,50
2020/3/17,35,143,34,89,24,33,62,79,40,40
2020/3/18,38,127,87,80,21,29,80,38,48,48
2020/3/19,63,120,100,78,26,22,98,61,55,55
2020/3/20,65,169,119,86,21,41,76,61,48,48
2020/3/21,68,162,39,75,15,22,98,97,50,50
2020/3/22,54,182,94,84,23,29,40,116,39,39
2020/3/23,39,152,86,97,16,21,44,102,31,31
2020/3/24,35,152,98,76,17,20,43,106,40,40
2020/3/25,40,124,102,70,27,24,46,80,48,48
2020/3/26,54,106,121,71,34,30,63,30,44,44
2020/3/27,21,120,192,66,41,37,65,66,57,57
2020/3/28,37,69,39,76,39,26,86,100,57,57
2020/3/29,20,60,17,70,43,11,128,97,23,23
2020/3/30,25,70,37,62,34,24,36,139,23,23
2020/3/31,36,89,122,45,47,16,34,147,23,23
2020/4/1,37,86,156,55,16,53,56,64,37,37
2020/2/2,39,181,151,52,31,46,36,63,33,33
2020/2/3,54,178,30,78,26,55,33,47,37,37
2020/2/4,58,202,85,85,45,67,40,79,33,33
2020/2/5,62,228,79,69,58,26,45,86,45,45
2020/2/6,36,213,38,70,70,29,57,99,54,54
2020/2/7,55,201,87,58,46,33,67,86,45,45
2020/2/8,57,192,119,66,36,47,72,106,61,61
2020/2/9,77,237,160,79,34,49,70,116,68,68
2020/2/10,65,194,127,42,45,38,37,115,59,59
2020/2/11,65,215,193,56,56,48,48,152,24,24
2020/2/12,65,218,195,75,63,42,34,163,26,26
2020/2/13,61,168,244,86,64,41,48,146,18,18
2020/2/14,61,153,253,105,63,40,46,69,37,37
2020/2/15,54,173,261,63,70,32,57,70,58,58
2020/2/16,61,237,112,58,71,47,61,65,62,62
2020/2/17,60,242,29,73,77,50,40,89,61,61
2020/2/18,56,211,18,31,64,46,34,142,26,26
2020/2/19,18,229,27,47,47,38,40,134,36,36
2020/2/20,18,189,55,48,32,32,45,109,27,27
2020/2/21,32,101,126,59,41,32,43,48,20,20
2020/2/22,23,116,176,64,58,38,45,76,16,16
2020/2/23,41,163,135,54,49,47,49,48,30,30
2020/2/24,28,134,25,79,42,59,31,38,26,26
2020/2/25,34,198,110,72,34,45,27,29,46,46
2020/2/26,42,216,150,74,29,23,34,73,54,54
2020/2/27,16,188,127,67,45,23,36,71,59,59
2020/2/28,70,171,94,70,63,29,42,89,51,51
2020/2/29,75,140,79,61,63,26,58,133,50,50
2020/3/1,50,292,138,62,54,40,53,141,37,37
2020/1/2,98,275,167,60,68,59,92,127,8,8
2020/1/8,58,260,93,83,62,66,62,121,29,29
2020/1/9,60,273,132,73,40,57,43,99,44,44
2020/1/10,64,239,124,96,28,40,41,30,54,54
2020/1/11,39,226,98,101,49,52,54,67,48,48
2020/1/12,44,171,152,68,45,49,66,126,41,41
2020/1/13,68,161,149,62,47,49,63,144,26,26
2020/1/14,73,161,57,69,55,46,49,132,33,33
2020/1/15,76,182,63,64,58,51,43,115,35,35
2020/1/16,75,191,127,73,61,53,35,69,39,39
2020/1/17,74,227,83,88,62,46,62,80,52,52
2020/1/18,48,285,47,97,81,49,60,88,54,54
2020/1/19,52,177,67,79,70,42,45,96,52,52
2020/1/20,31,183,51,72,30,58,37,118,51,51
2020/1/21,35,192,62,83,32,46,52,124,44,44
2020/1/22,30,176,127,88,32,42,64,130,46,46
2020/1/23,55,174,107,103,60,32,42,98,56,56
2020/1/24,82,177,165,77,39,42,52,63,60,60
2020/1/25,79,199,251,62,47,35,55,72,44,44
2020/1/26,50,295,94,85,48,39,65,119,29,29
2020/1/27,56,200,40,80,53,54,84,152,13,13
2020/1/28,59,142,132,85,85,73,101,117,14,14
2020/1/29,36,157,158,91,110,78,86,68,18,18
2020/1/30,38,227,126,78,70,36,128,20,18,18
2020/1/31,42,283,154,72,33,36,145,24,28,28
2020/2/1,49,234,206,57,37,40,124,35,54,54
2019/10/2,52,177,231,43,35,34,46,43,25,25
2019/10/3,43,155,235,39,40,32,30,63,8,8
2019/10/4,40,151,245,45,44,39,38,104,28,28
2019/10/5,44,161,154,64,51,53,39,59,36,36
2019/10/6,48,125,133,69,52,33,28,19,14,14
2019/10/7,46,89,120,77,56,48,41,68,9,9
2019/10/8,37,128,128,142,58,25,37,82,22,22
2019/10/9,40,113,140,119,61,21,63,20,23,23
2019/10/10,50,98,148,86,58,26,49,26,31,31
2019/10/11,49,132,46,75,60,28,48,43,33,33
2019/10/12,53,123,31,67,58,25,43,40,22,22
2019/10/13,52,101,80,60,55,17,40,58,18,18
2019/10/14,53,148,127,68,48,18,38,62,27,27
2019/10/15,57,179,34,77,71,16,44,43,19,19
2019/10/16,43,164,94,84,70,17,44,43,22,22
2019/10/17,46,171,131,77,58,26,56,61,25,25
2019/10/18,50,198,114,105,67,29,63,39,15,15
2019/10/19,50,189,95,118,55,38,53,61,17,17
2019/10/20,43,197,80,86,63,34,44,66,34,34
2019/10/21,36,203,42,89,50,27,35,39,38,38
2019/10/22,36,188,66,76,52,15,28,45,35,35
2019/10/23,33,181,89,66,51,21,44,87,20,20
2019/10/24,38,146,154,80,34,36,43,90,23,23
2019/10/25,46,155,156,96,44,47,52,86,21,21
2019/10/26,54,179,201,109,56,33,59,54,18,18
2019/10/27,58,174,154,90,57,15,49,61,21,21
2019/10/28,52,190,63,94,43,28,80,51,33,33
2019/10/29,52,231,124,79,41,28,69,59,67,67
2019/10/30,62,199,166,72,50,52,63,64,24,24
2019/11/1,49,217,163,81,58,39,49,75,55,55
2019/11/2,40,258,71,83,56,21,55,73,68,68
2019/11/3,42,273,98,84,41,27,55,47,54,54
2019/11/4,43,331,145,118,43,23,55,94,41,41
2019/11/5,49,361,90,124,37,25,56,124,15,15
2019/11/6,39,393,104,53,71,26,77,128,29,29
2019/11/7,38,399,153,76,65,27,80,105,41,41
2019/11/8,36,358,121,100,67,25,57,29,42,42
2019/11/9,31,660,90,71,64,35,37,78,36,36
2019/11/10,40,357,82,65,73,31,41,106,38,38
2019/11/11,37,289,97,80,96,45,38,81,37,37
2019/11/12,43,183,139,110,67,42,49,58,22,22
2019/11/13,44,221,118,98,43,37,58,73,35,35
2019/11/14,36,187,119,86,68,23,40,77,31,31
2019/11/15,35,196,82,105,79,20,53,59,18,18
2019/11/16,34,250,121,104,75,40,70,74,19,19
2019/11/17,37,304,162,98,79,71,68,76,31,31
2019/11/18,47,412,99,96,70,32,52,27,21,21
2019/11/19,40,410,69,91,65,18,50,55,49,49
2019/11/20,40,359,143,83,68,25,51,80,25,25
2019/11/21,59,343,47,109,40,46,51,62,19,19
2019/11/23,32,210,87,121,32,28,63,46,37,37
2019/11/24,37,156,101,98,52,22,59,37,41,41
2019/11/25,35,199,135,76,31,26,71,48,30,30
2019/11/26,50,201,139,75,35,33,66,75,27,27
2019/11/27,38,252,71,124,45,34,72,84,21,21
2019/11/28,36,244,71,109,42,52,69,77,23,23
2019/11/29,41,266,156,91,38,47,71,77,34,34
2019/11/30,38,165,173,95,51,32,49,62,35,35
2019/12/1,37,153,198,83,46,31,48,66,38,38
2019/12/2,36,173,197,71,27,59,62,85,40,40
2019/12/3,33,173,42,78,18,62,46,81,33,33
2019/12/4,34,129,55,68,28,59,37,91,19,19
2019/12/5,42,75,125,98,31,26,27,103,27,27
2019/12/6,39,104,36,75,26,19,38,109,28,28
2019/12/7,42,165,125,68,42,27,45,54,21,21
2019/12/8,50,182,143,68,54,24,58,64,27,27
2019/12/9,63,198,121,76,39,22,61,68,42,42
2019/12/10,55,263,52,98,38,32,74,46,44,44
2019/12/11,65,323,43,78,44,47,82,63,54,54
2019/12/12,59,322,63,89,29,40,96,100,72,72
2019/12/13,37,224,53,92,33,36,107,133,57,57
2019/12/14,37,320,76,76,43,37,77,148,17,17
2019/12/15,46,285,131,85,50,35,48,162,31,31
2019/12/16,50,299,137,92,52,37,39,139,33,33
2019/12/17,39,381,212,75,78,52,34,59,32,32
2019/12/18,52,339,237,81,85,34,66,70,36,36
2019/12/19,51,165,154,89,79,56,45,95,30,30
2019/12/20,37,128,37,116,25,48,44,95,35,35
2019/12/21,32,167,65,93,31,38,36,88,26,26
2019/12/22,39,159,82,86,32,42,43,78,27,27
2019/12/23,51,176,61,84,32,49,44,95,34,34
2019/12/24,53,192,145,78,55,38,60,68,55,55
2019/12/25,59,317,160,67,35,41,58,76,47,47
2019/12/26,51,355,45,61,38,57,61,89,60,60
2019/12/27,53,257,64,68,44,46,66,144,47,47
2019/12/28,46,188,52,102,26,52,41,134,44,44
2019/12/29,45,230,64,100,40,68,50,155,33,33
2019/12/30,51,264,130,68,34,75,36,129,44,44
2019/7/2,59,194,157,121,24,50,37,115,45,45
2019/7/3,57,209,108,122,36,54,45,89, , 
2019/7/4,59,243,164,83,46,65,47,96,34,34
2019/7/5,55,268,128,89,56,53,56,98,38,38
2019/7/6,61,281,61,116,58,58,43,81,35,35
2019/7/7,57,145,117,63,61,54,61,75,36,36
2019/7/8,53,149,152,91,61,19,92,88,38,38
2019/7/9,58,125,156,88,73,49,44,73,23,23
2019/7/10,53,106,34,37,97,57,70,68,17,17
2019/7/11,50,126,83,30,64,84,51,67,19,19
2019/7/12,51,116,87,39,55,56,48,51,16,16
2019/7/13,57,117,116,56,53,38,56,32,10,10
2019/7/14,72,139,95,46,60,41,62,36,19,19
2019/7/15,70,121,34,45,59,47,59,31,39,39
2019/7/16,55,160,53,44,65,49,53,12,46,46
2019/7/17,54,159,86,54,67,65,52,38,46,46
2019/7/18,59,163,99,63,68,40,102,83,35,35
2019/7/19,59,143,153,56,67,28,69,116,50,50
2019/7/20,59,124,87,61,71,35,47,98,59,59
2019/7/21,63,85,78,63,72,35,53,91,39,39
2019/7/22,72,79,154,67,60,22,53,152,19,19
2019/7/23,70,74,61,67,53,45,54,156,22,22
2019/7/24,63,93,149,70,43,55,63,84,46,46
2019/7/25,67,152,102,75,51,42,63,20,29,29
2019/7/26,66,130,137,109,43,52,50,33,32,32
2019/7/27,66,133,157,142,57,57,43,92,32,32
2019/7/28,45,136,143,89,54,54,48,52,23,23
2019/7/29,36,131,139,63,55,34,47,57,25,25
2019/7/30,45,138,153,58,60,12,59,68,23,23
2019/7/31,43,57,168,61,64,31,66,51,25,25
2019/8/1,47,98,86,56,59,42,70,52,27,27
2019/8/2,62,77,89,48,60,46,88,38,23,23
2019/8/3,55,69,70,55,67,49,62,37,17,17
2019/8/4,54,67,103,52,66,65,40,48,19,19
2019/8/5,56,77,163,44,65,88,48,41,21,21
2019/8/6,57,80,137,44,55,95,56,35,26,26
2019/8/7,55,103,51,33,58,91,49,47,33,33
2019/8/8,53,68,91,34,60,40,41,54,30,30
2019/8/9,50,80,72,26,55,43,51,73,19,19
2019/8/10,44,98,84,34,54,34,49,98,38,38
2019/8/11,46,137,94,42,59,37,61,72,26,26
2019/8/12,52,136,112,39,65,38,61,56,24,24
2019/8/13,41,63,115,55,65,46,47,94,22,22
2019/8/14,33,72,107,51,64,45,47,51,16,16
2019/8/15,50,46,132,52,51,47,42,48,25,25
2019/8/16,53,62,72,52,42,33,53,44,21,21
2019/8/17,51,91,110,103,55,18,55,54,8,8
2019/8/18,54,74,118,102,68,21,44,62,19,19
2019/8/19,54,73,82,81,59,37,47,45,31,31
2019/8/20,43,76,56,55,62,55,41,22,22,22
2019/8/21,42,68,32,52,62,69,38,38,23,23
2019/8/22,47,53,26,52,46,53,46,65,33,33
2019/8/23,56,46,82,54,45,24,31,54,28,28
2019/8/24,53,50,63,56,54,16,43,53,38,38
2019/8/25,57,110,30,52,52,26,43,71,29,29
2019/8/26,59,91,38,51,55,29,36,82,23,23
2019/8/27,56,119,59,43,60,26,41,101,21,21
2019/8/28,57,124,110,68,56,30,42,67,29,29
2019/8/29,58,131,125,72,55,35,52,43,28,28
2019/8/30,56,135,94,57,48,23,57,33,29,29
2019/8/31,55,130,58,77,51,13,59,52,34,34
2019/9/1,54,55,45,91,51,12,62,54,17,17
2019/9/2,55,88,61,132,53,17,77,55,17,17
2019/9/3,53,106,81,92,52,25,75,60,22,22
2019/9/4,51,100,165,53,57,22,72,34,24,24
2019/9/5,52,99,81,52,63,22,64,47,24,24
2019/9/6,47,129,19,69,62,40,46,54,11,11
2019/9/7,34,97,17,47,54,23,52,62,12,12
2019/9/8,41,101,30,44,52,20,55,52,15,15
2019/9/9,51,154,51,33,46,27,34,17,21,21
2019/9/10,49,136,68,49,55,39,46,17,34,34
2019/9/11,42,92,80,33,53,44,42,35,37,37
2019/9/12,35,94,136,50,51,23,46,22,13,13
2019/9/13,46,97,137,38,46,13,38,81,12,12
2019/9/14,53,79,119,38,55,27,43,88,12,12
2019/9/15,52,128,135,51,48,41,36,39,17,17
2019/9/16,55,135,125,73,61,23,41,21,22,22
2019/9/17,52,159,106,80,66,26,55,19,16,16
2019/9/18,61,134,160,75,61,44,50,25,12,12
2019/9/19,49,94,40,50,60,45,48,46,17,17
2019/9/20,51,78,67,46,74,18,41,36,27,27
2019/9/21,53,79,70,60,61,27,52,23,24,24
2019/9/22,37,130,80,50,64,30,53,35,23,23
2019/9/25,52,133,53,58,52,46,65,47, , 
2019/9/26,42,95,101,73,46,19,59,38,21,21
2019/9/27,43,59,69,71,59,21,47,40,33,33
2019/9/28,50,107,129,78,54,26,34,31,28,28
2019/9/29,42,141,30,83,41,46,34,15,22,22
2019/9/30,43,71,85,94,26,55,32,28,27,27
2019/10/1,43,80,111,92,32,60,45,53,34,34
2019/4/2,45,86,143,86,54,47,36,70,50,50
2019/4/3,53,77,159,73,42,20,35,62,48,48
2019/4/4,54,69,94,74,44,35,44,45,33,33
2019/4/5,40,51,51,77,22,46,45,69,45,45
2019/4/6,37,69,79,85,24,25,41,92,68,68
2019/4/7,38,55,112,86,16,38,38,91,58,58
2019/4/8,37,88,131,109,32,34,39,57,44,44
2019/4/9,45,118,150,102,50,23,33,70,43,43
2019/4/10,51,184,182,123,52,18,37,83,33,33
2019/4/11,37,161,160,163,42,23,98,66,11,11
2019/4/12,38,204,52,90,17,29,70,94,36,36
2019/4/13,40,197,94,66,44,25,36,79,55,55
2019/4/14,46,168,142,71,44,21,51,73,51,51
2019/4/15,53,217,149,64,50,40,52,58,43,43
2019/4/16,53,155,108,106,51,40,73,48,54,54
2019/4/17,37,183,123,130,50,30,44,19,51,51
2019/4/18,50,158,132,66,46,15,70,66,48,48
2019/4/19,52,148,104,57,49,12,70,117,49,49
2019/4/20,30,119,82,49,57,22,113,116,57,57
2019/4/21,49,116,88,56,68,34,80,84,53,53
2019/4/22,50,119,138,69,45,39,92,71,44,44
2019/4/23,53,100,151,44,34,22,75,86,85,85
2019/4/24,55,94,163,68,56,25,83,82,83,83
2019/4/25,36,80,70,73,70,13,86,90,66,66
2019/4/26,37,100,133,97,69,33,74,83,45,45
2019/4/27,38,131,160,68,74,116,64,95,17,17
2019/4/28,40,172,183,71,71,35,61,87,24,24
2019/4/29,43,115,121,76,66,28,71,132,27,27
2019/4/30,42,162,83,54,58,26,68,148,34,34
2019/5/1,44,149,122,53,36,30,74,139,44,44
2019/5/2,43,182,156,54,29,32,75,74,60,60
2019/5/3,41,162,176,55,43,27,74,27,58,58
2019/5/4,45,160,168,59,59,19,60,47,61,61
2019/5/5,33,119,104,60,63,24,42,60,82,82
2019/5/6,35,162,71,68,69,22,50,71,67,67
2019/5/7,41,140,109,76,53,13,38,88,37,37
2019/5/8,55,101,110,71,27,15,42,106,52,52
2019/5/9,42,132,135,63,27,42,64,65,57,57
2019/5/10,40,167,180,70,29,20,98,107,53,53
2019/5/11,41,242,167,61,35,42,108,155,63,63
2019/5/12,48,161,145,79,31,28,87,139,64,64
2019/5/13,45,241,214,68,39,49,59,47,58,58
2019/5/14,46,227,161,87,46,11,49,73,60,60
2019/5/15,50,184,145,60,50,20,47,93,48,48
2019/5/16,57,170,78,46,68,27,63,94,67,67
2019/5/17,48,220,79,34,56,33,61,124,68,68
2019/5/18,51,180,98,42,34,15,45,131,59,59
2019/5/19,35,129,132,51,41,21,45,124,47,47
2019/5/20,38,154,115,43,45,12,54,132,22,22
2019/5/21,40,121,140,61,28,5,61,110,41,41
2019/5/22,49,147,162,82,28,8,56,153,59,59
2019/5/23,50,98,181,67,38,18,52,142,61,61
2019/5/24,58,156,86,82,33,19,54,130,74,74
2019/5/25,52,165,141,69,48,36,56,67,80,80
2019/5/26,34,150,175,64,44,54,55,45,75,75
2019/5/27,44,145,155,70,43,32,74,55,48,48
2019/5/28,54,200,162,65,33,33,60,84,34,34
2019/5/29,50,107,106,63,33,45,92,103,29,29
2019/5/30,55,104,88,59,46,11,61,141,58,58
2019/5/31,41,122,65,72,53,16,71,156,56,56
2019/6/1,44,164,80,84,70,24,68,137,28,28
2019/6/2,51,91,106,89,70,13,68,90,47,47
2019/6/3,52,157,107,83,47,11,63,62,45,45
2019/6/4,53,119,135,86,40,30,64,37,46,46
2019/6/5,53,164,149,62,47,22,56,92,39,39
2019/6/6,52,184,104,44,65,40,41,98,59,59
2019/6/7,39,160,41,50,71,22,44,55,64,64
2019/6/8,47,151,61,52,61,21,59,97,20,20
2019/6/9,42,140,92,57,50,40,36,90,32,32
2019/6/10,54,163,90,64,56,48,58,86,49,49
2019/6/11,45,154,68,64,63,44,64,76,23,23
2019/6/12,37,149,112,50,57,11,58,129,21,21
2019/6/13,40,158,133,45,59,15,49,129,38,38
2019/6/14,48,170,104,50,67,45,58,46,38,38
2019/6/15,55,148,150,55,68,28,43,70,44,44
2019/6/16,47,164,161,51,56,43,40,94,41,41
2019/6/17,52,126,137,55,58,26,34,37,22,22
2019/6/18,54,126,151,40,61,17,40,44,38,38
2019/6/19,59,132,102,42,44,32,56,72,47,47
2019/6/20,50,154,31,39,51,12,44,79,40,40
2019/6/21,51,105,96,44,51,17,48,81,38,38
2019/6/22,47,103,132,62,48,12,39,84,38,38
2019/6/23,47,72,118,63,26,18,39,48,22,22
2019/6/24,56,156,84,62,34,25,56,65,19,19
2019/6/25,55,118,102,73,47,39,48,89,31,31
2019/6/26,50,163,76,65,54,40,44,94,43,43
2019/6/27,57,145,86,69,51,43,57,70,43,43
2019/6/28,65,111,137,60,43,24,61,78,31,31
2019/6/29,63,83,158,45,51,39,59,22,44,44
2019/6/30,55,133,161,52,55,18,50,27,31,31
2019/7/1,53,138,145,42,55,17,54,50,39,39
2019/1/2,60,138,130,37,55,19,54,68,36,36
2019/1/3,57,130,75,41,65,49,65,63,31,31
2019/1/4,53,134,121,41,42,56,66,41,35,35
2019/1/12,46,135,114,49,41,46,69,81,54,54
2019/1/13,57,326,134,49,60,35,84,59,54,54
2019/1/14,57,376,125,56,66,41,74,74,47,47
2019/1/15,68,408,141,57,35,48,58,90,49,49
2019/1/16,59,286,75,52,30,21,62,82,42,42
2019/1/17,67,272,53,50,36,40,59,82,47,47
2019/1/18,91,176,17,52,55,62,61,135,51,51
2019/1/19,72,229,116,87,51,49,51,116,64,64
2019/1/20,83,200,118,87,70,64,57,86,73,73
2019/1/21,75,202,204,66,32,44,73,118,79,79
2019/1/22,39,225,63,80,30,51,77,76,103,103
2019/1/23,49,285,52,164,28,33,86,84,91,91
2019/1/24,39,383,147,91,25,53,74,112,45,45
2019/1/25,29,299,95,79,21,47,50,156,46,46
2019/1/26,35,167,50,134,23,45,45,166,52,52
2019/1/27,34,206,121,88,51,42,56,173,73,73
2019/1/28,50,334,166,82,44,42,76,204,60,60
2019/1/30,47,301,186,108,32,40,63,154,43,43
2019/1/31,38,279,282,167,17,47,42,72,62,62
2019/2/1,36,306,201,95,28,58,50,86,65,65
2019/2/2,30,311,207,111,38,64,58,113,42,42
2019/2/3,36,257,42,96,41,33,65,162,48,48
2019/2/4,41,118,118,76,35,58,47,105,44,44
2019/2/5,51,198,122,69,36,43,83,84,38,38
2019/2/6,71,152,163,82,40,34,73,116,71,71
2019/2/7,59,157,52,96,76,49,86,126,64,64
2019/2/8,66,162,43,68,92,51,137,82,57,57
2019/2/9,63,196,85,83,67,46,106,82,65,65
2019/2/10,68,195,93,150,55,39,67,78,41,41
2019/2/11,67,211,77,142,38,48,119,80,54,54
2019/2/12,44,270,186,136,20,44,96,86,37,37
2019/2/13,35,214,53,118,24,45,46,89,61,61
2019/2/14,53,241,70,144,24,44,37,114,69,69
2019/2/15,57,227,129,124,16,50,50,83,77,77
2019/2/16,60,187,85,74,14,52,64,71,54,54
2019/2/17,66,217,183,75,39,64,54,121,30,30
2019/2/18,53,240,79,72,45,49,63,107,35,35
2019/2/19,59,241,48,90,35,60,66,118,40,40
2019/2/20,68,155,127,83,22,70,73,100,38,38
2019/2/21,77,142,186,89,25,68,67,121,52,52
2019/2/22,84,154,97,96,33,71,77,103,40,40
2019/2/23,78,199,119,101,33,29,69,69,49,49
2019/2/24,70,203,179,114,23,33,70,70,38,38
2019/2/25,71,237,141,123,29,41,53,79,51,51
2019/2/26,73,244,40,65,20,40,41,88,35,35
2019/2/27,72,232,80,70,19,29,48,124,44,44
2019/2/28,58,186,38,72,13,47,35,82,42,42
2019/3/1,57,177,83,52,24,23,54,98,52,52
2019/3/2,58,167,112,67,33,55,95,103,65,65
2019/3/3,61,174,86,56,27,48,100,145,64,64
2019/3/4,58,190,75,75,31,51,96,92,52,52
2019/3/5,52,153,133,58,34,28,113,97,57,57
2019/3/6,51,150,42,54,44,12,135,117,70,70
2019/3/7,49,143,38,63,54,32,114,136,53,53
2019/3/8,40,135,49,54,63,27,93,162,61,61
2019/3/9,50,160,96,54,52,27,66,157,69,69
2019/3/10,49,171,175,54,46,36,112,127,85,85
2019/3/11,61,130,94,80,48,45,133,142,86,86
2019/3/12,51,101,176,84,27,39,143,152,80,80
2019/3/13,41,172,195,80,21,27,83,98,109,109
2019/3/14,43,108,229,65,20,43,75,141,120,120
2019/3/15,39,209,153,43,46,39,85,157,98,98
2019/3/16,45,148,151,70,28,18,93,177,53,53
2019/3/17,53,140,139,81,20,35,129,177,50,50
2019/3/18,54,151,172,88,20,40,89,169,48,48
2019/3/19,43,157,165,91,29,46,59,201,48,48
2019/3/20,36,160,197,72,38,48,55,210,63,63
2019/3/21,33,165,250,79,37,38,42,187,72,72
2019/3/22,43,135,215,72,40,39,37,121,45,45
2019/3/23,52,141,172,65,42,38,44,97,52,52
2019/3/24,55,157,147,63,36,38,54,107,58,58
2019/3/25,60,123,36,67,28,39,33,120,46,46
2019/3/26,53,162,66,40,35,48,34,139,43,43
2019/3/27,51,166,150,54,38,32,44,127,43,43
2019/3/28,59,135,166,55,54,28,40,48,60,60
2019/3/29,48,152,183,61,67,31,44,82,77,77
2019/3/30,55,156,64,66,34,43,51,115,41,41
2019/3/31,54,168,28,84,32,34,42,106,38,38
2019/4/1,57,164,36,96,38,53,37,90,29,29
2018/10/2,53,201,34,103,42,23,40,90,33,33
2018/10/3,45,84,43,90,49,20,41,128,49,49
2018/10/4,38,126,81,76,55,27,41,169,59,59
2018/10/5,50,121,130,90,52,34,49,96,79,79
2018/10/6,57,144,175,88,43,43,68,75,69,69
2018/10/7,65,146,193,95,28,23,89,64,44,44
2018/10/8,52,163,153,97,44,24,90,59,40,40
2018/10/9,36,212,49,62,42,31,107,104,41,41
2018/10/10,44,176,33,61,40,27,111,119,28,28
2018/10/11,49,185,46,46,44,41,105,156,29,29
2018/10/12,59,128,109,46,42,23,57,138,33,33
2018/10/13,56,206,99,77,32,31,53,78,29,29
2018/10/14,59,160,118,74,29,27,78,91,17,17
2018/10/15,45,248,144,73,33,50,108,91,11,11
2018/10/16,36,262,108,84,52,49,87,37,34,34
2018/10/17,49,307,70,67,50,41,88,63,29,29
2018/10/18,39,209,25,67,51,44,99,71,34,34
2018/10/19,49,276,41,87,47,38,44,53,25,25
2018/10/20,42,249,32,109,45,24,50,25,22,22
2018/10/21,31,272,38,94,32,47,48,14,28,28
2018/10/22,49,267,51,90,39,18,64,50,43,43
2018/10/23,58,308,114,104,31,18,81,36,44,44
2018/10/24,53,302,161,101,44,43,74,57,60,60
2018/10/25,60,272,29,94,35,23,65,49,52,52
2018/10/26,62,155,38,91,40,28,66,36,42,42
2018/10/27,66,172,48,95,37,27,76,59,22,22
2018/10/28,57,187,19,90,33,13,81,88,27,27
2018/10/29,30,220,28,109,24,12,48,89,44,44
2018/10/30,45,249,32,83,30,7,57,127,44,44
2018/10/31,46,261,107,71,52,21,65,101,53,53
2018/11/1,43,305,165,73,65,29,60,74,57,57
2018/11/2,55,360,200,69,73,16,69,36,49,49
2018/11/3,50,310,204,73,67,28,80,42,46,46
2018/11/4,42,366,140,89,78,19,67,82,42,42
2018/11/5,56,374,96,74,71,29,77,88,33,33
2018/11/6,50,367,100,49,72,27,92,111,21,21
2018/11/7,36,277,116,84,87,23,94,108,22,22
2018/11/8,41,310,153,75,105,27,109,78,38,38
2018/11/9,53,327,186,71,67,32,77,81,34,34
2018/11/10,38,310,211,75,60,27,60,79,48,48
2018/11/11,38,329,45,92,53,22,60,26,54,54
2018/11/12,36,391,125,77,49,19,72,34,59,59
2018/11/13,41,272,163,89,58,16,67,36,49,49
2018/11/14,46,155,25,129,70,22,55,52,59,59
2018/11/15,55,172,42,88,66,31,67,55,82,82
2018/11/16,54,187,17,85,49,42,70,82,60,60
2018/11/17,51,220,21,70,55,52,56,100,15,15
2018/11/18,52,249,44,67,65,59,70,127,42,42
2018/11/19,52,261,83,77,44,35,50,114,69,69
2018/11/20,41,305,116,77,77,28,68,137,63,63
2018/11/21,40,360,188,101,122,24,94,170,35,35
2018/11/22,40,310,205,60,49,20,105,138,43,43
2018/11/23,51,366,130,68,44,32,79,26,41,41
2018/11/24,49,374,67,66,43,39,53,85,51,51
2018/11/25,54,367,52,58,40,46,46,154,55,55
2018/11/26,65,277,82,72,57,18,54,141,36,36
2018/11/27,34,310,156,111,69,26,66,67,41,41
2018/11/28,50,327,91,91,91,31,42,96,57,57
2018/11/29,72,310,48,81,74,46,43,91,49,49
2018/11/30,87,329,119,84,72,30,58,122,38,38
2018/12/1,67,391,176,109,75,27,59,144,24,24
2018/12/2,58,187,236,103,32,17,73,80,27,27
2018/12/3,68,220,272,74,50,37,73,91,27,27
2018/12/4,80,249,100,81,57,46,69,121,49,49
2018/12/5,61,261,35,86,54,24,90,80,61,61
2018/12/6,63,305,110,80,30,57,75,71,88,88
2018/12/7,84,107,94,60,31,44,70,43,89,89
2018/12/8,60,165,122,84,40,32,84,51,64,64
2018/12/9,82,200,111,68,24,24,117,69,55,55
2018/12/10,79,204,75,84,33,25,102,128,46,46
2018/12/11,63,140,90,69,34,33,107,140,46,46
2018/12/12,64,96,151,101,19,35,72,158,43,43
2018/12/13,83,100,157,91,37,33,70,90,38,38
2018/12/14,83,116,170,87,31,19,89,85,28,28
2018/12/15,43,153,295,46,31,27,86,88,39,39
2018/12/16,61,186,118,73,24,30,54,92,24,24
2018/12/17,55,211,146,66,29,41,53,96,22,22
2018/12/18,48,366,139,94,34,41,61,92,19,19
2018/12/19,56,374,201,86,36,37,54,76,36,36
2018/12/20,67,367,198,94,46,34,33,53,43,43
2018/12/21,62,277,233,90,58,31,39,74,43,43
2018/12/22,70,310,129,76,63,30,55,40,39,39
2018/12/23,81,327,53,69,48,40,65,40,33,33
2018/12/24,69,310,122,68,39,42,55,45,53,53
2018/12/27,58,329,35,75,44,39,38,74,52,52
2018/12/28,68,391,28,83,59,36,44,92,62,62
2018/12/29,80,187,33,69,41,44,48,94,49,49
2018/12/30,52,220,106,69,41,51,52,91,52,52
2018/12/31,51,249,144,74,54,56,88,73,53,53
2018/7/2,53,214,73,74,52,49,83,132,63,63
2018/7/3,51,241,86,58,66,45,73,143,68,68
2018/7/4,54,227,46,85,85,57,83,145,48,48
2018/7/5,55,187,113,88,108,33,85,100,22,22
2018/7/6,51,217,172,95,103,32,63,114,36,36
2018/7/7,48,240,122,120,28,34,59,129,49,49
2018/7/8,57,241,100,68,38,43,59,148,28,28
2018/7/9,61,155,91,80,37,49,50,163,34,34
2018/7/10,59,142,86,90,18,46,47,98,38,38
2018/7/11,61,154,126,114,39,44,35,52,32,32
2018/7/12,66,199,145,103,53,38,48,86, , 
2018/7/13,64,203,100,102,48,45,42,94,20,20
2018/7/14,67,237,41,73,39,36,53,35,22,22
2018/7/15,72,244,124,56,45,49,83,56,32,32
2018/7/16,65,232,85,73,59,48,108,40,32,32
2018/7/17,56,186,33,126,71,38,110,69,22,22
2018/7/18,62,200,34,103,66,35,107,33,25,25
2018/7/19,77,211,35,78,70,42,111,26,25,25
2018/7/20,66,223,38,70,67,74,81,32,19,19
2018/7/21,64,240,48,105,71,90,68,54,29,29
2018/7/22,55,300,115,50,65,91,60,62,39,39
2018/7/23,51,325,202,49,58,69,56,13,33,33
2018/7/24,56,250,205,54,56,26,54,17,29,29
2018/7/25,64,327,92,55,48,21,60,26,30,30
2018/7/26,60,350,97,48,45,9,64,20,29,29
2018/7/27,59,352,87,52,53,22,71,46,32,32
2018/7/28,64,390,90,52,54,32,73,76,33,33
2018/7/29,63,310,83,45,61,51,52,65,41,41
2018/7/30,57,320,103,40,62,45,41,58,37,37
2018/7/31,52,292,78,50,55,38,50,56,39,39
2018/8/1,52,211,65,63,34,43,62,64,43,43
2018/8/2,56,270,84,34,33,41,65,73,35,35
2018/8/3,61,214,94,29,38,38,78,86,38,38
2018/8/4,69,241,100,35,58,63,75,97,45,45
2018/8/5,67,227,119,32,71,46,63,86,41,41
2018/8/6,70,187,58,43,76,22,47,92,44,44
2018/8/7,68,217,46,57,79,20,51,99,48,48
2018/8/8,87,240,143,39,85,27,58,82,45,45
2018/8/9,73,241,116,42,70,13,56,82,26,26
2018/8/10,61,200,136,39,61,23,61,104,22,22
2018/8/11,53,211,124,56,48,29,73,84,29,29
2018/8/12,66,218,92,47,50,23,67,98,41,41
2018/8/13,71,210,109,54,48,15,67,113,49,49
2018/8/14,67,199,46,55,56,21,67,94,51,51
2018/8/15,49,197,28,59,64,53,84,51,29,29
2018/8/16,50,201,38,50,67,46,93,22,29,29
2018/8/17,58,210,97,47,70,26,46,44,38,38
2018/8/18,57,216,119,43,72,39,40,79,25,25
2018/8/19,46,240,154,44,71,31,41,100,29,29
2018/8/20,52,254,142,43,56,36,39,118,27,27
2018/8/21,54,269,135,51,58,32,52,75,20,20
2018/8/22,53,260,134,43,50,31,57,72,25,25
2018/8/23,54,270,160,47,49,20,69,82,27,27
2018/8/24,59,277,126,45,46,51,54,48,36,36
2018/8/25,63,280,144,55,47,70,51,70,33,33
2018/8/26,58,236,84,59,39,56,56,73,37,37
2018/8/27,58,232,91,60,49,53,67,38,30,30
2018/8/28,61,233,123,67,59,40,47,22,28,28
2018/8/29,74,229,61,54,66,60,45,41,25,25
2018/8/30,73,210,72,42,67,41,41,86,34,34
2018/8/31,66,200,88,31,71,31,36,73,49,49
2018/9/1,64,197,108,42,68,23,42,72,34,34
2018/9/2,60,197,132,37,72,29,34,34,36,36
2018/9/3,61,198,105,44,66,53,29,22,21,21
2018/9/4,71,190,81,40,75,78,34,30,15,15
2018/9/5,70,186,45,55,91,72,57,57,36,36
2018/9/6,72,189,43,45,101,63,40,89,28,28
2018/9/7,68,202,95,54,78,36,53,56,16,16
2018/9/8,55,217,47,54,76,30,58,65,21,21
2018/9/9,58,240,57,45,63,15,46,26,29,29
2018/9/10,55,241,72,90,51,47,50,18,36,36
2018/9/11,50,200,41,106,57,38,59,57,30,30
2018/9/12,54,211,62,104,66,50,53,47,27,27
2018/9/13,59,218,57,79,66,36,45,23,23,23
2018/9/14,64,210,39,122,58,41,33,23,27,27
2018/9/18,56,199,75,147,52,69,48,29,23,23
2018/9/19,62,197,130,114,50,88,43,70,33,33
2018/9/20,60,201,133,80,44,101,70,67,49,49
2018/9/21,57,210,126,69,43,34,69,45,31,31
2018/9/22,56,216,25,53,62,17,59,28,26,26
2018/9/23,56,240,55,66,68,19,61,36,30,30
2018/9/24,53,254,48,70,74,32,59,36,23,23
2018/9/25,47,269,113,70,63,46,65,47,21,21
2018/9/26,43,154,103,53,59,36,64,83,25,25
2018/9/27,58,105,82,63,59,46,64,58,28,28
2018/9/28,54,103,29,62,63,50,80,47,28,28
2018/9/29,55,72,44,75,53,22,59,49,24,24
2018/9/30,57,156,35,86,51,18,49,21,46,46
2018/10/1,60,118,21,74,49,9,60,23,35,35
2018/4/2,27,163,29,99,47,8,84,32,42,42
2018/4/3,27,145,72,92,53,52,53,43,47,47
2018/4/4,41,111,115,62,58,38,64,45,24,24
2018/4/5,22,83,105,119,67,18,64,28,13,13
2018/4/6,28,133,110,66,68,17,68,101,38,38
2018/4/7,35,138,157,53,54,28,52,72,34,34
2018/4/8,42,138,169,73,51,37,55,76,18,18
2018/4/9,23,130,42,75,60,24,65,85,20,20
2018/4/10,19,134,25,43,61,19,77,44,17,17
2018/4/11,19,135,46,52,63,36,62,19,17,17
2018/4/12,20,326,63,56,70,14,59,54,19,19
2018/4/13,21,376,81,82,82,11,58,53,22,22
2018/4/14,22,408,115,91,48,19,43,24,26,26
2018/4/15,27,286,48,68,51,16,42,29,19,19
2018/4/16,30,272,17,65,84,19,37,19,65,65
2018/4/17,23,176,25,37,59,19,47,19,61,61
2018/4/18,34,229,29,55,59,27,55,27,21,21
2018/4/19,41,200,68,64,80,11,61,36,10,10
2018/4/20,40,202,92,78,105,18,85,44,73,73
2018/4/21,55,225,144,82,57,29,80,128,47,47
2018/4/22,67,285,131,116,50,20,55,103,32,32
2018/4/23,65,383,27,102,53,28,56,84,46,46
2018/4/24,64,299,20,88,58,31,55,28,55,55
2018/4/25,57,167,223,78,68,25,57,18,60,60
2018/4/26,63,206,252,101,62,38,53,87,48,48
2018/4/27,60,334,54,90,31,31,44,87,42,42
2018/4/28,57,301,73,80,33,40,49,61,22,22
2018/4/29,35,279,127,60,50,22,58,103,61,61
2018/4/30,26,306,60,73,60,24,59,79,40,40
2018/5/1,27,311,54,96,41,30,65,94,54,54
2018/5/2,27,257,108,101,23,37,75,64,62,62
2018/5/3,35,118,158,98,40,40,58,59,69,69
2018/5/4,33,184,109,72,32,55,53,51,84,84
2018/5/5,34,161,119,90,51,63,88,88,65,65
2018/5/6,44,204,125,71,66,56,68,89,39,39
2018/5/7,38,197,124,61,73,15,66,111,12,12
2018/5/8,41,168,132,58,84,31,57,122,15,15
2018/5/9,36,217,108,69,94,23,57,140,39,39
2018/5/10,43,155,168,66,82,26,68,160,49,49
2018/5/11,33,183,171,76,69,32,76,120,60,60
2018/5/12,29,158,169,104,67,29,103,82,61,61
2018/5/13,46,148,177,90,56,27,88,32,55,55
2018/5/14,29,119,183,88,47,29,76,22,71,71
2018/5/15,26,116,123,85,47,58,74,97,53,53
2018/5/16,17,119,46,87,52,31,60,115,42,42
2018/5/17,35,100,59,58,52,28,55,135,32,32
2018/5/18,32,94,71,74,56,38,48,123,53,53
2018/5/19,32,80,97,77,58,30,42,119,51,51
2018/5/20,31,100,168,97,64,43,55,168,23,23
2018/5/21,26,131,127,111,66,28,42,157,43,43
2018/5/22,28,172,161,116,64,28,58,126,31,31
2018/5/23,30,115,202,102,71,47,38,54,30,30
2018/5/24,32,162,89,89,73,53,48,78,58,58
2018/5/25,36,149,122,61,70,62,60,85,64,64
2018/5/26,32,182,68,59,49,56,54,42,37,37
2018/5/27,26,162,72,83,35,25,63,81,35,35
2018/5/28,26,160,148,71,36,33,92,33,73,73
2018/5/29,23,119,166,73,49,36,79,37,74,74
2018/5/30,22,162,140,47,44,34,73,102,40,40
2018/5/31,29,140,161,40,39,37,67,143,21,21
2018/6/1,35,101,110,52,40,24,59,81,15,15
2018/6/2,33,132,140,67,54,28,44,69,19,19
2018/6/3,26,167,170,70,58,26,56,160,18,18
2018/6/4,24,242,156,78,51,17,59,158,32,32
2018/6/5,21,161,188,67,51,28,43,92,43,43
2018/6/6,19,241,124,57,52,52,57,43,42,42
2018/6/7,19,227,185,49,43,30,88,25,81,81
2018/6/8,20,184,155,48,40,42,89,21,82,82
2018/6/9,29,170,178,49,24,29,64,21,74,74
2018/6/10,24,220,111,49,34,21,67,44,63,63
2018/6/11,21,180,73,53,54,29,71,98,55,55
2018/6/12,20,129,106,51,64,29,88,54,48,48
2018/6/13,18,154,112,46,71,39,64,103,53,53
2018/6/14,19,121,146,54,39,35,79,132,49,49
2018/6/15,28,147,130,47,45,37,105,145,45,45
2018/6/16,31,98,163,55,57,52,88,113,47,47
2018/6/17,30,156,159,48,59,61,74,102,41,41
2018/6/18,25,165,156,39,66,32,69,107,47,47
2018/6/19,29,150,187,43,76,20,61,100,49,49
2018/6/20,29,145,158,50,65,54,61,99,53,53
2018/6/21,48,200,121,91,63,33,64,91,52,52
2018/6/22,50,107,68,64,59,38,64,95,40,40
2018/6/23,50,104,106,53,66,51,56,85,49,49
2018/6/24,47,122,115,46,66,43,48,103,20,20
2018/6/25,65,164,120,52,60,13,57,115,22,22
2018/6/26,69,91,149,65,66,21,55,125,26,26
2018/6/27,78,157,152,71,69,24,66,122,39,39
2018/6/28,74,148,114,63,71,21,107,95,45,45
2018/6/29,64,166,117,36,82,21,94,97,28,28
2018/6/30,62,140,149,41,67,43,50,22,33,33
2018/7/1,59,161,100,40,49,49,66,23,62,62
2018/2/14,53,110,66,46,34,32,105,38,54,54
2018/2/15,30,140,65,55,42,23,119,82,50,50
2018/2/16,59,170,113,83,59,24,97,90,49,49
2018/2/17,51,156,146,105,80,38,64,32,52,52
2018/2/18,72,188,161,90,79,27,43,51,56,56
2018/2/19,25,124,112,47,87,16,59,127,48,48
2018/2/20,22,185,92,85,62,42,54,118,60,60
2018/2/21,17,155,157,63,53,52,50,108,59,59
2018/2/22,22,178,153,51,58,63,42,116,54,54
2018/2/23,29,111,118,65,51,26,42,101,39,39
2018/2/24,41,73,150,62,66,26,48,103,35,35
2018/2/25,51,106,129,43,64,36,55,93,46,46
2018/2/26,59,112,108,52,57,29,48,139,52,52
2018/2/27,60,146,91,54,52,29,45,127,20,20
2018/2/28,35,130,131,54,148,64,55,129,48,48
2018/3/1,54,163,129,55,133,31,57,79,58,58
2018/3/2,30,159,116,40,60,19,51,69,78,78
2018/3/3,27,156,144,36,83,14,60,101,60,60
2018/3/4,27,187,171,42,70,39,66,129,41,41
2018/3/5,28,158,73,44,61,35,62,82,63,63
2018/3/6,33,121,23,43,91,52,67,72,58,58
2018/3/7,25,68,60,54,62,54,68,74,34,34
2018/3/8,28,106,91,49,32,56,30,85,14,14
2018/3/9,32,115,101,153,59,61,47,114,35,35
2018/3/10,38,120,86,132,83,44,38,106,40,40
2018/3/11,22,149,43,76,98,48,37,129,30,30
2018/3/12,15,152,48,67,44,49,46,131,53,53
2018/3/13,25,114,89,75,36,51,77,79,49,49
2018/3/14,30,117,42,43,105,65,78,56,50,50
2018/3/15,30,149,108,21,92,61,73,84,77,77
,,,,,,,,,,
,,,,,,,,,,
,,,,,,,,,,
,,,,,,,,,,
,,,,,,,,,,
,,,,,,,,,,
,,,,,,,,,,
,,,,,,,,,,
,,,,,,,,,,
,,,,,,,,,,
,,,,,,,,,,
,,,,,,,,,,
,,,,,,,,,,
,,,,,,,,,,
,,,,,,,,,,
,,,,,,,,,,
,,,,,,,,,,
,,,,,,,,,,
,,,,,,,,,,
,,,,,,,,,,
,,,,,,,,,,
,,,,,,,,,,
,,,,,,,,,,
,,,,,,,,,,
,,,,,,,,,,
,,,,,,,,,,
,,,,,,,,,,
,,,,,,,,,,
,,,,,,,,,,
,,,,,,,,,,
,,,,,,,,,,
,,,,,,,,,,
,,,,,,,,,,
,,,,,,,,,,
,,,,,,,,,,
,,,,,,,,,,
,,,,,,,,,,
,,,,,,,,,,
,,,,,,,,,,
,,,,,,,,,,
,,,,,,,,,,
,,,,,,,,,,
,,,,,,,,,,
,,,,,,,,,,
,,,,,,,,,,
,,,,,,,,,,
,,,,,,,,,,
,,,,,,,,,,
,,,,,,,,,,
,,,,,,,,,,
,,,,,,,,,,
,,,,,,,,,,
,,,,,,,,,,
,,,,,,,,,,
,,,,,,,,,,
,,,,,,,,,,
,,,,,,,,,,
,,,,,,,,,,
,,,,,,,,,,
,,,,,,,,,,
,,,,,,,,,,
,,,,,,,,,,
,,,,,,,,,,
,,,,,,,,,,
,,,,,,,,,,
,,,,,,,,,,
,,,,,,,,,,
,,,,,,,,,,
,,,,,,,,,,
,,,,,,,,,,
,,,,,,,,,,
,,,,,,,,,,
,,,,,,,,,,
,,,,,,,,,,
,,,,,,,,,,
,,,,,,,,,,
,,,,,,,,,,
,,,,,,,,,,
,,,,,,,,,,
,,,,,,,,,,
,,,,,,,,,,
,,,,,,,,,,
,,,,,,,,,,
,,,,,,,,,,
,,,,,,,,,,
,,,,,,,,,,
,,,,,,,,,,
,,,,,,,,,,
,,,,,,,,,,
,,,,,,,,,,
,,,,,,,,,,
,,,,,,,,,,
,,,,,,,,,,
,,,,,,,,,,
,,,,,,,,,,
,,,,,,,,,,
,,,,,,,,,,
,,,,,,,,,,
,,,,,,,,,,
,,,,,,,,,,
,,,,,,,,,,
,,,,,,,,,,
,,,,,,,,,,
,,,,,,,,,,
,,,,,,,,,,
,,,,,,,,,,
,,,,,,,,,,
,,,,,,,,,,
,,,,,,,,,,
,,,,,,,,,,
,,,,,,,,,,
,,,,,,,,,,
,,,,,,,,,,
,,,,,,,,,,
,,,,,,,,,,
,,,,,,,,,,
,,,,,,,,,,
,,,,,,,,,,
,,,,,,,,,,
,,,,,,,,,,
,,,,,,,,,,
,,,,,,,,,,
,,,,,,,,,,
,,,,,,,,,,
,,,,,,,,,,
,,,,,,,,,,
,,,,,,,,,,
,,,,,,,,,,
,,,,,,,,,,
,,,,,,,,,,
,,,,,,,,,,
,,,,,,,,,,
,,,,,,,,,,
,,,,,,,,,,
,,,,,,,,,,
,,,,,,,,,,
,,,,,,,,,,
,,,,,,,,,,
,,,,,,,,,,
,,,,,,,,,,
,,,,,,,,,,
,,,,,,,,,,
,,,,,,,,,,
,,,,,,,,,,
,,,,,,,,,,
,,,,,,,,,,
,,,,,,,,,,
,,,,,,,,,,
,,,,,,,,,,
,,,,,,,,,,
,,,,,,,,,,
,,,,,,,,,,
,,,,,,,,,,
,,,,,,,,,,
,,,,,,,,,,
,,,,,,,,,,
,,,,,,,,,,
,,,,,,,,,,
,,,,,,,,,,
,,,,,,,,,,
,,,,,,,,,,
,,,,,,,,,,
,,,,,,,,,,
,,,,,,,,,,
,,,,,,,,,,
,,,,,,,,,,
,,,,,,,,,,
,,,,,,,,,,
,,,,,,,,,,
,,,,,,,,,,
,,,,,,,,,,
,,,,,,,,,,
,,,,,,,,,,
,,,,,,,,,,
,,,,,,,,,,
,,,,,,,,,,
,,,,,,,,,,
,,,,,,,,,,
,,,,,,,,,,
,,,,,,,,,,
,,,,,,,,,,
,,,,,,,,,,
,,,,,,,,,,
,,,,,,,,,,
,,,,,,,,,,
,,,,,,,,,,
,,,,,,,,,,
,,,,,,,,,,
,,,,,,,,,,
,,,,,,,,,,
,,,,,,,,,,
,,,,,,,,,,
,,,,,,,,,,
,,,,,,,,,,
,,,,,,,,,,
,,,,,,,,,,
,,,,,,,,,,
,,,,,,,,,,
,,,,,,,,,,
,,,,,,,,,,
,,,,,,,,,,
,,,,,,,,,,
,,,,,,,,,,
,,,,,,,,,,
,,,,,,,,,,
,,,,,,,,,,
,,,,,,,,,,
,,,,,,,,,,
,,,,,,,,,,
,,,,,,,,,,
,,,,,,,,,,
,,,,,,,,,,
,,,,,,,,,,
,,,,,,,,,,
,,,,,,,,,,
,,,,,,,,,,
,,,,,,,,,,
,,,,,,,,,,
,,,,,,,,,,
,,,,,,,,,,
,,,,,,,,,,
,,,,,,,,,,
,,,,,,,,,,
,,,,,,,,,,
,,,,,,,,,,
,,,,,,,,,,
,,,,,,,,,,
,,,,,,,,,,
,,,,,,,,,,
,,,,,,,,,,
,,,,,,,,,,
,,,,,,,,,,
,,,,,,,,,,
,,,,,,,,,,
,,,,,,,,,,
,,,,,,,,,,
,,,,,,,,,,
,,,,,,,,,,
,,,,,,,,,,
,,,,,,,,,,
,,,,,,,,,,
,,,,,,,,,,
,,,,,,,,,,
,,,,,,,,,,
,,,,,,,,,,
,,,,,,,,,,
,,,,,,,,,,
,,,,,,,,,,
,,,,,,,,,,
,,,,,,,,,,
,,,,,,,,,,
,,,,,,,,,,
,,,,,,,,,,
,,,,,,,,,,
,,,,,,,,,,
,,,,,,,,,,
,,,,,,,,,,
,,,,,,,,,,
,,,,,,,,,,
,,,,,,,,,,
,,,,,,,,,,
,,,,,,,,,,
,,,,,,,,,,
,,,,,,,,,,
,,,,,,,,,,
,,,,,,,,,,
,,,,,,,,,,
,,,,,,,,,,
,,,,,,,,,,
,,,,,,,,,,
,,,,,,,,,,
,,,,,,,,,,
,,,,,,,,,,
,,,,,,,,,,
,,,,,,,,,,
,,,,,,,,,,
,,,,,,,,,,
,,,,,,,,,,
,,,,,,,,,,
,,,,,,,,,,
,,,,,,,,,,
,,,,,,,,,,
,,,,,,,,,,
,,,,,,,,,,
,,,,,,,,,,
,,,,,,,,,,
,,,,,,,,,,
,,,,,,,,,,
,,,,,,,,,,
,,,,,,,,,,
,,,,,,,,,,
,,,,,,,,,,
,,,,,,,,,,
,,,,,,,,,,
,,,,,,,,,,
,,,,,,,,,,
,,,,,,,,,,
,,,,,,,,,,
,,,,,,,,,,
,,,,,,,,,,
,,,,,,,,,,
,,,,,,,,,,
,,,,,,,,,,
,,,,,,,,,,
,,,,,,,,,,
,,,,,,,,,,
,,,,,,,,,,
,,,,,,,,,,
,,,,,,,,,,
,,,,,,,,,,
,,,,,,,,,,
,,,,,,,,,,
,,,,,,,,,,
,,,,,,,,,,
,,,,,,,,,,
,,,,,,,,,,
,,,,,,,,,,
,,,,,,,,,,
,,,,,,,,,,
,,,,,,,,,,
,,,,,,,,,,
,,,,,,,,,,
,,,,,,,,,,
,,,,,,,,,,
,,,,,,,,,,
,,,,,,,,,,
,,,,,,,,,,
,,,,,,,,,,
,,,,,,,,,,
,,,,,,,,,,
,,,,,,,,,,
,,,,,,,,,,
,,,,,,,,,,
,,,,,,,,,,
,,,,,,,,,,
,,,,,,,,,,
,,,,,,,,,,
,,,,,,,,,,
,,,,,,,,,,
,,,,,,,,,,
,,,,,,,,,,
,,,,,,,,,,
,,,,,,,,,,
,,,,,,,,,,
,,,,,,,,,,
,,,,,,,,,,
,,,,,,,,,,
,,,,,,,,,,
,,,,,,,,,,
,,,,,,,,,,
,,,,,,,,,,
,,,,,,,,,,
,,,,,,,,,,
,,,,,,,,,,
,,,,,,,,,,
,,,,,,,,,,
,,,,,,,,,,
,,,,,,,,,,
,,,,,,,,,,
,,,,,,,,,,
,,,,,,,,,,
,,,,,,,,,,
,,,,,,,,,,
,,,,,,,,,,
,,,,,,,,,,
,,,,,,,,,,
,,,,,,,,,,
,,,,,,,,,,
,,,,,,,,,,
,,,,,,,,,,
,,,,,,,,,,
,,,,,,,,,,
,,,,,,,,,,
,,,,,,,,,,
,,,,,,,,,,
,,,,,,,,,,
,,,,,,,,,,
,,,,,,,,,,
,,,,,,,,,,
,,,,,,,,,,
,,,,,,,,,,
,,,,,,,,,,
,,,,,,,,,,
,,,,,,,,,,
,,,,,,,,,,
,,,,,,,,,,
,,,,,,,,,,
,,,,,,,,,,
,,,,,,,,,,
,,,,,,,,,,
,,,,,,,,,,
,,,,,,,,,,
,,,,,,,,,,
,,,,,,,,,,
,,,,,,,,,,
,,,,,,,,,,
,,,,,,,,,,
,,,,,,,,,,
,,,,,,,,,,
,,,,,,,,,,
,,,,,,,,,,
,,,,,,,,,,
,,,,,,,,,,
,,,,,,,,,,
,,,,,,,,,,
,,,,,,,,,,
,,,,,,,,,,
,,,,,,,,,,
,,,,,,,,,,
,,,,,,,,,,
,,,,,,,,,,
,,,,,,,,,,
,,,,,,,,,,
,,,,,,,,,,
,,,,,,,,,,
,,,,,,,,,,
,,,,,,,,,,
,,,,,,,,,,
,,,,,,,,,,
,,,,,,,,,,
,,,,,,,,,,
,,,,,,,,,,
,,,,,,,,,,
,,,,,,,,,,
,,,,,,,,,,
,,,,,,,,,,
,,,,,,,,,,
,,,,,,,,,,
,,,,,,,,,,
,,,,,,,,,,
,,,,,,,,,,
,,,,,,,,,,
,,,,,,,,,,
,,,,,,,,,,
,,,,,,,,,,
,,,,,,,,,,
,,,,,,,,,,
,,,,,,,,,,
,,,,,,,,,,
,,,,,,,,,,
,,,,,,,,,,
,,,,,,,,,,
,,,,,,,,,,
,,,,,,,,,,
,,,,,,,,,,
,,,,,,,,,,
,,,,,,,,,,
,,,,,,,,,,
,,,,,,,,,,
,,,,,,,,,,
,,,,,,,,,,
,,,,,,,,,,
,,,,,,,,,,
,,,,,,,,,,
,,,,,,,,,,
,,,,,,,,,,
,,,,,,,,,,
,,,,,,,,,,
,,,,,,,,,,
,,,,,,,,,,
,,,,,,,,,,
,,,,,,,,,,
,,,,,,,,,,
,,,,,,,,,,
,,,,,,,,,,
,,,,,,,,,,
,,,,,,,,,,
,,,,,,,,,,
,,,,,,,,,,
,,,,,,,,,,
,,,,,,,,,,
,,,,,,,,,,
,,,,,,,,,,
,,,,,,,,,,
,,,,,,,,,,
,,,,,,,,,,
,,,,,,,,,,
,,,,,,,,,,
,,,,,,,,,,
,,,,,,,,,,
,,,,,,,,,,
,,,,,,,,,,
,,,,,,,,,,
,,,,,,,,,,
,,,,,,,,,,
,,,,,,,,,,
,,,,,,,,,,
,,,,,,,,,,
,,,,,,,,,,
,,,,,,,,,,
,,,,,,,,,,
,,,,,,,,,,
,,,,,,,,,,
,,,,,,,,,,
,,,,,,,,,,
,,,,,,,,,,
,,,,,,,,,,
,,,,,,,,,,
,,,,,,,,,,
,,,,,,,,,,
,,,,,,,,,,
,,,,,,,,,,
,,,,,,,,,,
,,,,,,,,,,
,,,,,,,,,,
,,,,,,,,,,
,,,,,,,,,,
,,,,,,,,,,
,,,,,,,,,,
,,,,,,,,,,
,,,,,,,,,,
,,,,,,,,,,
,,,,,,,,,,
,,,,,,,,,,
,,,,,,,,,,
,,,,,,,,,,
,,,,,,,,,,
,,,,,,,,,,
,,,,,,,,,,
,,,,,,,,,,
,,,,,,,,,,
,,,,,,,,,,
,,,,,,,,,,
,,,,,,,,,,
,,,,,,,,,,
,,,,,,,,,,
,,,,,,,,,,
,,,,,,,,,,
,,,,,,,,,,
,,,,,,,,,,
,,,,,,,,,,
,,,,,,,,,,
,,,,,,,,,,
,,,,,,,,,,
,,,,,,,,,,
,,,,,,,,,,
,,,,,,,,,,
,,,,,,,,,,
,,,,,,,,,,
,,,,,,,,,,
,,,,,,,,,,
,,,,,,,,,,
,,,,,,,,,,
,,,,,,,,,,
,,,,,,,,,,
,,,,,,,,,,
,,,,,,,,,,
,,,,,,,,,,
,,,,,,,,,,
,,,,,,,,,,
,,,,,,,,,,
,,,,,,,,,,
,,,,,,,,,,
,,,,,,,,,,
,,,,,,,,,,
,,,,,,,,,,
,,,,,,,,,,
,,,,,,,,,,
,,,,,,,,,,
,,,,,,,,,,
,,,,,,,,,,
,,,,,,,,,,
,,,,,,,,,,
,,,,,,,,,,
,,,,,,,,,,
,,,,,,,,,,
,,,,,,,,,,
,,,,,,,,,,
,,,,,,,,,,
,,,,,,,,,,
,,,,,,,,,,
,,,,,,,,,,
,,,,,,,,,,
,,,,,,,,,,
,,,,,,,,,,
,,,,,,,,,,
,,,,,,,,,,
,,,,,,,,,,
,,,,,,,,,,
,,,,,,,,,,
,,,,,,,,,,
,,,,,,,,,,
,,,,,,,,,,
,,,,,,,,,,
,,,,,,,,,,
,,,,,,,,,,
,,,,,,,,,,
,,,,,,,,,,
,,,,,,,,,,
,,,,,,,,,,
,,,,,,,,,,
,,,,,,,,,,
,,,,,,,,,,
,,,,,,,,,,
,,,,,,,,,,
,,,,,,,,,,
,,,,,,,,,,
,,,,,,,,,,
,,,,,,,,,,
,,,,,,,,,,
,,,,,,,,,,
,,,,,,,,,,
,,,,,,,,,,
,,,,,,,,,,
,,,,,,,,,,
,,,,,,,,,,
,,,,,,,,,,
,,,,,,,,,,
,,,,,,,,,,
,,,,,,,,,,
,,,,,,,,,,
,,,,,,,,,,
,,,,,,,,,,
,,,,,,,,,,
,,,,,,,,,,
,,,,,,,,,,
,,,,,,,,,,
,,,,,,,,,,
,,,,,,,,,,
,,,,,,,,,,
,,,,,,,,,,
,,,,,,,,,,
,,,,,,,,,,
,,,,,,,,,,
,,,,,,,,,,
,,,,,,,,,,
,,,,,,,,,,
,,,,,,,,,,
,,,,,,,,,,
,,,,,,,,,,
,,,,,,,,,,
,,,,,,,,,,
,,,,,,,,,,
,,,,,,,,,,
,,,,,,,,,,
,,,,,,,,,,
,,,,,,,,,,
,,,,,,,,,,
,,,,,,,,,,
,,,,,,,,,,
,,,,,,,,,,
,,,,,,,,,,
,,,,,,,,,,
,,,,,,,,,,
,,,,,,,,,,
,,,,,,,,,,
,,,,,,,,,,
,,,,,,,,,,
,,,,,,,,,,
,,,,,,,,,,
,,,,,,,,,,
,,,,,,,,,,
,,,,,,,,,,
,,,,,,,,,,
,,,,,,,,,,
,,,,,,,,,,
,,,,,,,,,,
,,,,,,,,,,
,,,,,,,,,,
,,,,,,,,,,
,,,,,,,,,,
,,,,,,,,,,
,,,,,,,,,,
,,,,,,,,,,
,,,,,,,,,,
,,,,,,,,,,
,,,,,,,,,,
,,,,,,,,,,
,,,,,,,,,,
,,,,,,,,,,
,,,,,,,,,,
,,,,,,,,,,
,,,,,,,,,,
,,,,,,,,,,
,,,,,,,,,,
,,,,,,,,,,
,,,,,,,,,,
,,,,,,,,,,
,,,,,,,,,,
,,,,,,,,,,
,,,,,,,,,,
,,,,,,,,,,
,,,,,,,,,,
,,,,,,,,,,
,,,,,,,,,,
,,,,,,,,,,
,,,,,,,,,,
,,,,,,,,,,
,,,,,,,,,,
,,,,,,,,,,
,,,,,,,,,,
,,,,,,,,,,
,,,,,,,,,,
,,,,,,,,,,
,,,,,,,,,,
,,,,,,,,,,
,,,,,,,,,,
,,,,,,,,,,
,,,,,,,,,,
,,,,,,,,,,
,,,,,,,,,,
,,,,,,,,,,
,,,,,,,,,,
,,,,,,,,,,
,,,,,,,,,,
,,,,,,,,,,
,,,,,,,,,,
,,,,,,,,,,
,,,,,,,,,,
,,,,,,,,,,
,,,,,,,,,,
,,,,,,,,,,
,,,,,,,,,,
,,,,,,,,,,
,,,,,,,,,,
,,,,,,,,,,
,,,,,,,,,,
,,,,,,,,,,
,,,,,,,,,,
,,,,,,,,,,
,,,,,,,,,,
,,,,,,,,,,
,,,,,,,,,,
,,,,,,,,,,
,,,,,,,,,,
,,,,,,,,,,
,,,,,,,,,,
,,,,,,,,,,
,,,,,,,,,,
,,,,,,,,,,
,,,,,,,,,,
,,,,,,,,,,
,,,,,,,,,,
,,,,,,,,,,
,,,,,,,,,,
,,,,,,,,,,
,,,,,,,,,,
,,,,,,,,,,
,,,,,,,,,,
,,,,,,,,,,
,,,,,,,,,,
,,,,,,,,,,
,,,,,,,,,,
,,,,,,,,,,
,,,,,,,,,,
,,,,,,,,,,
,,,,,,,,,,
,,,,,,,,,,
,,,,,,,,,,
,,,,,,,,,,
,,,,,,,,,,
,,,,,,,,,,
,,,,,,,,,,
,,,,,,,,,,
,,,,,,,,,,
,,,,,,,,,,
,,,,,,,,,,
,,,,,,,,,,
,,,,,,,,,,
,,,,,,,,,,
,,,,,,,,,,
,,,,,,,,,,
,,,,,,,,,,
,,,,,,,,,,
,,,,,,,,,,
,,,,,,,,,,
,,,,,,,,,,
,,,,,,,,,,
,,,,,,,,,,
,,,,,,,,,,
,,,,,,,,,,
,,,,,,,,,,
,,,,,,,,,,
,,,,,,,,,,
,,,,,,,,,,
,,,,,,,,,,
,,,,,,,,,,
,,,,,,,,,,
,,,,,,,,,,
,,,,,,,,,,
,,,,,,,,,,
,,,,,,,,,,
,,,,,,,,,,
,,,,,,,,,,
,,,,,,,,,,
,,,,,,,,,,
,,,,,,,,,,
,,,,,,,,,,
,,,,,,,,,,
,,,,,,,,,,
,,,,,,,,,,
,,,,,,,,,,
,,,,,,,,,,
,,,,,,,,,,
,,,,,,,,,,
,,,,,,,,,,
,,,,,,,,,,
,,,,,,,,,,
,,,,,,,,,,
,,,,,,,,,,
,,,,,,,,,,
,,,,,,,,,,
,,,,,,,,,,
,,,,,,,,,,
,,,,,,,,,,
,,,,,,,,,,
,,,,,,,,,,
,,,,,,,,,,
,,,,,,,,,,
,,,,,,,,,,
,,,,,,,,,,
,,,,,,,,,,
,,,,,,,,,,
,,,,,,,,,,
,,,,,,,,,,
,,,,,,,,,,
,,,,,,,,,,
,,,,,,,,,,
,,,,,,,,,,
,,,,,,,,,,
,,,,,,,,,,
,,,,,,,,,,
,,,,,,,,,,
,,,,,,,,,,
,,,,,,,,,,
,,,,,,,,,,
,,,,,,,,,,
,,,,,,,,,,
,,,,,,,,,,
,,,,,,,,,,
,,,,,,,,,,
,,,,,,,,,,
,,,,,,,,,,
,,,,,,,,,,
,,,,,,,,,,
,,,,,,,,,,
,,,,,,,,,,
,,,,,,,,,,
,,,,,,,,,,
,,,,,,,,,,
,,,,,,,,,,
,,,,,,,,,,
,,,,,,,,,,
,,,,,,,,,,
,,,,,,,,,,
,,,,,,,,,,
,,,,,,,,,,
,,,,,,,,,,
,,,,,,,,,,
,,,,,,,,,,
,,,,,,,,,,
,,,,,,,,,,
,,,,,,,,,,
,,,,,,,,,,
,,,,,,,,,,
,,,,,,,,,,
,,,,,,,,,,
,,,,,,,,,,
,,,,,,,,,,
,,,,,,,,,,
,,,,,,,,,,
,,,,,,,,,,
,,,,,,,,,,
,,,,,,,,,,
,,,,,,,,,,
,,,,,,,,,,
,,,,,,,,,,
,,,,,,,,,,
,,,,,,,,,,
,,,,,,,,,,
,,,,,,,,,,
,,,,,,,,,,
,,,,,,,,,,
,,,,,,,,,,
,,,,,,,,,,
,,,,,,,,,,
,,,,,,,,,,
,,,,,,,,,,
,,,,,,,,,,
,,,,,,,,,,
,,,,,,,,,,
,,,,,,,,,,
,,,,,,,,,,
,,,,,,,,,,
,,,,,,,,,,
,,,,,,,,,,
,,,,,,,,,,
,,,,,,,,,,
,,,,,,,,,,
,,,,,,,,,,
,,,,,,,,,,
,,,,,,,,,,
,,,,,,,,,,
,,,,,,,,,,
,,,,,,,,,,
,,,,,,,,,,
,,,,,,,,,,
,,,,,,,,,,
,,,,,,,,,,
,,,,,,,,,,
,,,,,,,,,,
,,,,,,,,,,
,,,,,,,,,,
,,,,,,,,,,
,,,,,,,,,,
,,,,,,,,,,
,,,,,,,,,,
,,,,,,,,,,
,,,,,,,,,,
,,,,,,,,,,
,,,,,,,,,,
,,,,,,,,,,
,,,,,,,,,,
,,,,,,,,,,
,,,,,,,,,,
,,,,,,,,,,
,,,,,,,,,,
,,,,,,,,,,
,,,,,,,,,,
,,,,,,,,,,
,,,,,,,,,,
,,,,,,,,,,
,,,,,,,,,,
,,,,,,,,,,
,,,,,,,,,,
,,,,,,,,,,
,,,,,,,,,,
,,,,,,,,,,
,,,,,,,,,,
,,,,,,,,,,
,,,,,,,,,,
,,,,,,,,,,
,,,,,,,,,,
,,,,,,,,,,
,,,,,,,,,,
,,,,,,,,,,
,,,,,,,,,,
,,,,,,,,,,
,,,,,,,,,,
,,,,,,,,,,
,,,,,,,,,,
,,,,,,,,,,
,,,,,,,,,,
,,,,,,,,,,
,,,,,,,,,,
,,,,,,,,,,
,,,,,,,,,,
,,,,,,,,,,
,,,,,,,,,,
,,,,,,,,,,
,,,,,,,,,,
,,,,,,,,,,
,,,,,,,,,,
,,,,,,,,,,
,,,,,,,,,,
,,,,,,,,,,
,,,,,,,,,,
,,,,,,,,,,
,,,,,,,,,,
,,,,,,,,,,
,,,,,,,,,,
,,,,,,,,,,
,,,,,,,,,,
,,,,,,,,,,
,,,,,,,,,,
,,,,,,,,,,
,,,,,,,,,,
,,,,,,,,,,
,,,,,,,,,,
,,,,,,,,,,
,,,,,,,,,,
,,,,,,,,,,
,,,,,,,,,,
,,,,,,,,,,
,,,,,,,,,,
,,,,,,,,,,
,,,,,,,,,,
,,,,,,,,,,
,,,,,,,,,,
,,,,,,,,,,
,,,,,,,,,,
,,,,,,,,,,
,,,,,,,,,,
,,,,,,,,,,
,,,,,,,,,,
,,,,,,,,,,
,,,,,,,,,,
,,,,,,,,,,
,,,,,,,,,,
,,,,,,,,,,
,,,,,,,,,,
,,,,,,,,,,
,,,,,,,,,,
,,,,,,,,,,
,,,,,,,,,,
,,,,,,,,,,
,,,,,,,,,,
,,,,,,,,,,
,,,,,,,,,,
,,,,,,,,,,
,,,,,,,,,,
,,,,,,,,,,
,,,,,,,,,,
,,,,,,,,,,
,,,,,,,,,,
,,,,,,,,,,
,,,,,,,,,,
,,,,,,,,,,
,,,,,,,,,,
,,,,,,,,,,
,,,,,,,,,,
,,,,,,,,,,
,,,,,,,,,,
,,,,,,,,,,
,,,,,,,,,,
,,,,,,,,,,
,,,,,,,,,,
,,,,,,,,,,
,,,,,,,,,,
,,,,,,,,,,
,,,,,,,,,,
,,,,,,,,,,
,,,,,,,,,,
,,,,,,,,,,
,,,,,,,,,,
,,,,,,,,,,
,,,,,,,,,,
,,,,,,,,,,
,,,,,,,,,,
,,,,,,,,,,
,,,,,,,,,,
,,,,,,,,,,
,,,,,,,,,,
,,,,,,,,,,
,,,,,,,,,,
,,,,,,,,,,
,,,,,,,,,,
,,,,,,,,,,
,,,,,,,,,,
,,,,,,,,,,
,,,,,,,,,,
,,,,,,,,,,
,,,,,,,,,,
,,,,,,,,,,
,,,,,,,,,,
,,,,,,,,,,
,,,,,,,,,,
,,,,,,,,,,
,,,,,,,,,,
,,,,,,,,,,
,,,,,,,,,,
,,,,,,,,,,
,,,,,,,,,,
,,,,,,,,,,
,,,,,,,,,,
,,,,,,,,,,
,,,,,,,,,,
,,,,,,,,,,
,,,,,,,,,,
,,,,,,,,,,
,,,,,,,,,,
,,,,,,,,,,
,,,,,,,,,,
,,,,,,,,,,
,,,,,,,,,,
,,,,,,,,,,
,,,,,,,,,,
,,,,,,,,,,
,,,,,,,,,,
,,,,,,,,,,
,,,,,,,,,,
,,,,,,,,,,
,,,,,,,,,,
,,,,,,,,,,
,,,,,,,,,,
,,,,,,,,,,
,,,,,,,,,,
,,,,,,,,,,
,,,,,,,,,,
,,,,,,,,,,
,,,,,,,,,,
,,,,,,,,,,
,,,,,,,,,,
,,,,,,,,,,
,,,,,,,,,,
,,,,,,,,,,
,,,,,,,,,,
,,,,,,,,,,
,,,,,,,,,,
,,,,,,,,,,
,,,,,,,,,,
,,,,,,,,,,
,,,,,,,,,,
,,,,,,,,,,
,,,,,,,,,,
,,,,,,,,,,
,,,,,,,,,,
,,,,,,,,,,
,,,,,,,,,,
,,,,,,,,,,
,,,,,,,,,,
,,,,,,,,,,
,,,,,,,,,,
,,,,,,,,,,
,,,,,,,,,,
,,,,,,,,,,
,,,,,,,,,,
,,,,,,,,,,
,,,,,,,,,,
,,,,,,,,,,
,,,,,,,,,,
,,,,,,,,,,
,,,,,,,,,,
,,,,,,,,,,
,,,,,,,,,,
,,,,,,,,,,
,,,,,,,,,,
,,,,,,,,,,
,,,,,,,,,,
,,,,,,,,,,
,,,,,,,,,,
,,,,,,,,,,
,,,,,,,,,,
,,,,,,,,,,
,,,,,,,,,,
,,,,,,,,,,
,,,,,,,,,,
,,,,,,,,,,
,,,,,,,,,,
,,,,,,,,,,
,,,,,,,,,,
,,,,,,,,,,
,,,,,,,,,,
,,,,,,,,,,
,,,,,,,,,,
,,,,,,,,,,
,,,,,,,,,,
,,,,,,,,,,
,,,,,,,,,,
,,,,,,,,,,
,,,,,,,,,,
,,,,,,,,,,
,,,,,,,,,,
,,,,,,,,,,
,,,,,,,,,,
,,,,,,,,,,
,,,,,,,,,,
,,,,,,,,,,
,,,,,,,,,,
,,,,,,,,,,
,,,,,,,,,,
,,,,,,,,,,
,,,,,,,,,,
,,,,,,,,,,
,,,,,,,,,,
,,,,,,,,,,
,,,,,,,,,,
,,,,,,,,,,
,,,,,,,,,,
,,,,,,,,,,
,,,,,,,,,,
,,,,,,,,,,
,,,,,,,,,,
,,,,,,,,,,
,,,,,,,,,,
,,,,,,,,,,
,,,,,,,,,,
,,,,,,,,,,
,,,,,,,,,,
,,,,,,,,,,
,,,,,,,,,,
,,,,,,,,,,
,,,,,,,,,,
,,,,,,,,,,
,,,,,,,,,,
,,,,,,,,,,
,,,,,,,,,,
,,,,,,,,,,
,,,,,,,,,,
,,,,,,,,,,
,,,,,,,,,,
,,,,,,,,,,
,,,,,,,,,,
,,,,,,,,,,
,,,,,,,,,,
,,,,,,,,,,
,,,,,,,,,,
,,,,,,,,,,
,,,,,,,,,,
,,,,,,,,,,
,,,,,,,,,,
,,,,,,,,,,
,,,,,,,,,,
,,,,,,,,,,
,,,,,,,,,,
,,,,,,,,,,
,,,,,,,,,,
,,,,,,,,,,
,,,,,,,,,,
,,,,,,,,,,
,,,,,,,,,,
,,,,,,,,,,
,,,,,,,,,,
,,,,,,,,,,
,,,,,,,,,,
,,,,,,,,,,
,,,,,,,,,,
,,,,,,,,,,
,,,,,,,,,,
,,,,,,,,,,
,,,,,,,,,,
,,,,,,,,,,
,,,,,,,,,,
,,,,,,,,,,
,,,,,,,,,,
,,,,,,,,,,
,,,,,,,,,,
,,,,,,,,,,
,,,,,,,,,,
,,,,,,,,,,
,,,,,,,,,,
,,,,,,,,,,
,,,,,,,,,,
,,,,,,,,,,
,,,,,,,,,,
,,,,,,,,,,
,,,,,,,,,,
,,,,,,,,,,
,,,,,,,,,,
,,,,,,,,,,
,,,,,,,,,,
,,,,,,,,,,
,,,,,,,,,,
,,,,,,,,,,
,,,,,,,,,,
,,,,,,,,,,
,,,,,,,,,,
,,,,,,,,,,
,,,,,,,,,,
,,,,,,,,,,
,,,,,,,,,,
,,,,,,,,,,
,,,,,,,,,,
,,,,,,,,,,
,,,,,,,,,,
,,,,,,,,,,
,,,,,,,,,,
,,,,,,,,,,
,,,,,,,,,,
,,,,,,,,,,
,,,,,,,,,,
,,,,,,,,,,
,,,,,,,,,,
,,,,,,,,,,
,,,,,,,,,,
,,,,,,,,,,
,,,,,,,,,,
,,,,,,,,,,
,,,,,,,,,,
,,,,,,,,,,
,,,,,,,,,,
,,,,,,,,,,
,,,,,,,,,,
,,,,,,,,,,
,,,,,,,,,,
,,,,,,,,,,
,,,,,,,,,,
,,,,,,,,,,
,,,,,,,,,,
,,,,,,,,,,
,,,,,,,,,,
,,,,,,,,,,
,,,,,,,,,,
,,,,,,,,,,
,,,,,,,,,,
,,,,,,,,,,
,,,,,,,,,,
,,,,,,,,,,
,,,,,,,,,,
,,,,,,,,,,
,,,,,,,,,,
,,,,,,,,,,
,,,,,,,,,,
,,,,,,,,,,
,,,,,,,,,,
,,,,,,,,,,
,,,,,,,,,,
,,,,,,,,,,
,,,,,,,,,,
,,,,,,,,,,
,,,,,,,,,,
,,,,,,,,,,
,,,,,,,,,,
,,,,,,,,,,
,,,,,,,,,,
,,,,,,,,,,
,,,,,,,,,,
,,,,,,,,,,
,,,,,,,,,,
,,,,,,,,,,
,,,,,,,,,,
,,,,,,,,,,
,,,,,,,,,,
,,,,,,,,,,
,,,,,,,,,,
,,,,,,,,,,
,,,,,,,,,,
,,,,,,,,,,
,,,,,,,,,,
,,,,,,,,,,
,,,,,,,,,,
,,,,,,,,,,
,,,,,,,,,,
,,,,,,,,,,
,,,,,,,,,,
,,,,,,,,,,
,,,,,,,,,,
,,,,,,,,,,
,,,,,,,,,,
,,,,,,,,,,
,,,,,,,,,,
,,,,,,,,,,
,,,,,,,,,,
,,,,,,,,,,
,,,,,,,,,,
,,,,,,,,,,
,,,,,,,,,,
,,,,,,,,,,
,,,,,,,,,,
,,,,,,,,,,
,,,,,,,,,,
,,,,,,,,,,
,,,,,,,,,,
,,,,,,,,,,
,,,,,,,,,,
,,,,,,,,,,
,,,,,,,,,,
,,,,,,,,,,
,,,,,,,,,,
,,,,,,,,,,
,,,,,,,,,,
,,,,,,,,,,
,,,,,,,,,,
,,,,,,,,,,
,,,,,,,,,,
,,,,,,,,,,
,,,,,,,,,,
,,,,,,,,,,
,,,,,,,,,,
,,,,,,,,,,
,,,,,,,,,,
,,,,,,,,,,
,,,,,,,,,,
,,,,,,,,,,
,,,,,,,,,,
,,,,,,,,,,
,,,,,,,,,,
,,,,,,,,,,
,,,,,,,,,,
,,,,,,,,,,
,,,,,,,,,,
,,,,,,,,,,
,,,,,,,,,,
,,,,,,,,,,
,,,,,,,,,,
,,,,,,,,,,
,,,,,,,,,,
,,,,,,,,,,
,,,,,,,,,,
,,,,,,,,,,
,,,,,,,,,,
,,,,,,,,,,
,,,,,,,,,,
,,,,,,,,,,
,,,,,,,,,,
,,,,,,,,,,
,,,,,,,,,,
,,,,,,,,,,
,,,,,,,,,,
,,,,,,,, ,,
,,,,,,,, ,,
,,,,,,,, ,,
,,,,,,,, ,,
,,,,,,,, ,,
,,,,,,,, ,,
,,,,,,,, ,,
,,,,,,,, ,,
,,,,,,,, ,,
,,,,,,,, ,,
,,,,,,,, ,,
,,,,,,,, ,,
,,,,,,,, ,,
,,,,,,,, ,,
,,,,,,,, ,,
,,,,,,,, ,,
,,,,,,,, ,,
,,,,,,,, ,,
,,,,,,,, ,,
,,,,,,,, ,,
,,,,,,,, ,,
,,,,,,,, ,,
,,,,,,,, ,,
,,,,,,,, ,,
,,,,,,,, ,,
,,,,,,,, ,,
,,,,,,,, ,,
,,,,,,,, ,,
,,,,,,,, ,,
,,,,,,,, ,,
,,,,,,,, ,,
,,,,,,,, ,,
,,,,,,,, ,,
,,,,,,,, ,,
,,,,,,,, ,,
,,,,,,,, ,,
,,,,,,,, ,,
,,,,,,,, ,,
,,,,,,,, ,,
,,,,,,,, ,,
,,,,,,,, ,,
,,,,,,,, ,,
,,,,,,,, ,,
,,,,,,,, ,,
,,,,,,,, ,,
,,,,,,,, ,,
,,,,,,,, ,,
,,,,,,,, ,,
,,,,,,,, ,,
,,,,,,,, ,,
,,,,,,,, ,,
,,,,,,,, ,,
,,,,,,,, ,,
,,,,,,,, ,,
,,,,,,,, ,,
,,,,,,,, ,,
,,,,,,,, ,,
,,,,,,,, ,,
,,,,,,,, ,,
,,,,,,,, ,,
,,,,,,,, ,,
,,,,,,,, ,,
,,,,,,,, ,,
,,,,,,,, ,,
,,,,,,,, ,,
,,,,,,,, ,,
,,,,,,,, ,,
,,,,,,,, ,,
,,,,,,,, ,,
,,,,,,,, ,,
,,,,,,,, ,,
,,,,,,,, ,,
,,,,,,,, ,,
,,,,,,,, ,,
,,,,,,,, ,,
,,,,,,,, ,,
,,,,,,,, ,,
,,,,,,,, ,,
,,,,,,,, ,,
,,,,,,,, ,,
,,,,,,,, ,,
,,,,,,,, ,,
,,,,,,,, ,,
,,,,,,,, ,,
,,,,,,,, ,,
,,,,,,,, ,,
,,,,,,,, ,,
,,,,,,,, ,,
,,,,,,,, ,,
,,,,,,,, ,,
,,,,,,,, ,,
,,,,,,,, ,,
,,,,,,,, ,,
,,,,,,,, ,,
,,,,,,,, ,,
,,,,,,,, ,,
,,,,,,,, ,,
,,,,,,,, ,,
,,,,,,,, ,,
,,,,,,,, ,,
,,,,,,,, ,,
,,,,,,,, ,,
,,,,,,,,,,
,,,,,,,,,,
,,,,,,,,,,
,,,,,,,,,,
,,,,,,,,,,
,,,,,,,,,,
,,,,,,,,,,
,,,,,,,,,,
,,,,,,,,,,
,,,,,,,,,,
,,,,,,,,,,
,,,,,,,,,,
,,,,, ,,,,,
,,,,, ,,,,,
,,,,, ,,,,,
,,,,, ,,,,,
,,,,, ,,,,,
,,,,, ,,,,,
,,,,, ,,,,,
,,,,, ,,,,,
,,,,, ,,,,,
,,,,, ,,,,,
,,,,, ,,,,,
,,,,, ,,,,,
,,,,, ,,,,,
,,,,, ,,,,,
,,,,, ,,,,,
,,,,, ,,,,,
,,,,, ,,,,,
,,,,, ,,,,,
,,,,, ,,,,,
,,,,, ,,,,,
,,,,, ,,,,,
,,,,, ,,,,,
,,,,, ,,,,,
,,,,, ,,,,,
,,,,, ,,,,,
,,,,, ,,,,,
,,,,, ,,,,,
,,,,, ,,,,,
,,,,, ,,,,,
,,,,, ,,,,,
,,,,, ,,,,,
,,,,, ,,,,,
,,,,, ,,,,,
,,,,, ,,,,,
,,,,, ,,,,,
,,,,, ,,,,,
,,,,, ,,,,,
,,,,, ,,,,,
,,,,, ,,,,,
,,,,, ,,,,,
,,,,, ,,,,,
,,,, , ,,,,,
,,, , , ,,,,,
,,, , , ,,,,,
,,, , ,,,,,,
,,, , ,,,,,,
,,, , ,,,,,,
,,, ,,,,,,,
